,City,Latitude,Longitude,Max Temperature,Humidity,Cloudiness,Wind Speed,Country,Date
0,Kungurtug,50.6,97.52,33.4,45,0,0.76,RU,1587345484
1,Namatanai,-3.67,152.43,83.68,75,63,5.84,PG,1587345481
2,Ushuaia,-54.8,-68.3,41.0,80,75,24.16,AR,1587345215
3,Eydhafushi,5.1,73.07,85.84,72,39,8.14,MV,1587345485
4,Katsuura,35.13,140.3,51.8,93,75,6.93,JP,1587345229
5,Nālūt,30.33,10.85,73.6,30,93,27.94,LY,1587345485
6,Karad,17.28,74.2,82.35,34,49,4.83,IN,1587345485
7,Busselton,-33.65,115.33,68.0,45,74,20.45,AU,1587345486
8,Nikolskoye,59.7,30.79,37.4,93,71,4.47,RU,1587345486
9,Rocha,-34.48,-54.33,62.08,80,8,5.14,UY,1587345222
10,Adrar,20.5,-10.07,75.67,18,0,6.22,MR,1587345486
11,Kamenka,51.32,42.77,36.45,88,45,3.89,RU,1587345486
12,Tegul'det,57.31,88.17,36.25,71,79,9.51,RU,1587345486
13,Maningrida,-12.07,134.27,82.87,70,3,5.39,AU,1587345487
14,Zyryanka,65.75,150.85,9.05,82,4,5.23,RU,1587345487
15,Ilulissat,69.22,-51.1,30.2,46,100,19.46,GL,1587345487
16,Jamestown,42.1,-79.24,43.0,93,90,10.29,US,1587345401
17,Amapá,1.0,-52.0,75.2,88,71,3.13,BR,1587345488
18,Pangnirtung,66.15,-65.71,-0.92,86,53,3.56,CA,1587345488
19,Castro,-24.79,-50.01,57.51,68,25,5.55,BR,1587345480
20,Torbay,47.67,-52.73,36.0,100,90,26.4,CA,1587345488
21,Olafsvik,64.89,-23.71,44.08,91,100,20.0,IS,1587345488
22,Trairi,-3.28,-39.27,79.57,82,23,3.22,BR,1587345488
23,Kununurra,-15.77,128.73,89.6,55,72,3.36,AU,1587345489
24,Port Alfred,-33.59,26.89,69.01,75,16,3.0,ZA,1587345222
25,Cape Town,-33.93,18.42,62.01,82,75,18.34,ZA,1587345428
26,George Town,5.41,100.34,86.0,88,20,4.21,MY,1587345485
27,Albany,42.6,-73.97,54.0,60,97,13.0,US,1587345477
28,Punta Arenas,-53.15,-70.92,41.0,65,40,12.75,CL,1587345489
29,Puerto Ayora,-0.74,-90.35,82.4,74,75,11.41,EC,1587345490
30,Xining,36.62,101.77,39.38,27,100,3.49,CN,1587345490
31,Bathsheba,13.22,-59.52,80.6,69,20,17.22,BB,1587345490
32,Saint-Philippe,-21.36,55.77,73.4,78,20,12.75,RE,1587345490
33,Bredasdorp,-34.53,20.04,52.0,93,5,8.05,ZA,1587345214
34,Port Elizabeth,-33.92,25.57,75.2,38,29,16.11,ZA,1587345278
35,Acaraú,-2.89,-40.12,77.18,87,17,3.15,BR,1587345491
36,Gijang,35.24,129.21,57.2,71,20,5.82,KR,1587345491
37,Hithadhoo,-0.6,73.08,84.78,75,94,10.04,MV,1587345209
38,Ilhéus,-14.79,-39.05,74.32,92,100,11.45,BR,1587345309
39,eMkhomazi,-30.21,30.8,60.01,95,0,14.99,ZA,1587345492
40,Butaritari,3.07,172.79,83.35,73,15,8.05,KI,1587345492
41,Three Hills,51.7,-113.27,55.99,44,60,7.14,CA,1587345302
42,Rikitea,-23.12,-134.97,77.07,69,99,5.93,PF,1587345211
43,Wanning,18.8,110.4,79.56,84,95,10.13,CN,1587345492
44,Karratha,-20.74,116.85,84.07,61,95,8.1,AU,1587345493
45,Clyde River,70.47,-68.59,-4.0,76,1,4.7,CA,1587345214
46,Matagami,49.75,-77.63,10.4,72,1,6.93,CA,1587345493
47,Pāsighāt,28.07,95.33,67.1,74,97,3.96,IN,1587345493
48,Nemuro,43.32,145.57,37.4,93,75,8.05,JP,1587345494
49,Tulun,54.56,100.58,28.89,74,0,4.97,RU,1587345494
50,Qinhuangdao,39.93,119.59,51.3,42,5,15.46,CN,1587345494
51,Karatsu,33.44,129.97,61.0,78,96,10.71,JP,1587345494
52,Thompson,55.74,-97.86,21.2,85,75,10.29,CA,1587345490
53,Ségou,13.43,-6.22,93.2,24,94,10.76,ML,1587345495
54,Arraial do Cabo,-22.97,-42.03,73.58,71,98,3.89,BR,1587345495
55,Provideniya,64.38,-173.3,21.67,95,99,14.72,RU,1587345495
56,Mataura,-46.19,168.86,57.99,61,68,5.01,NZ,1587345203
57,Gympie,-26.19,152.66,77.0,49,0,1.01,AU,1587345495
58,Hermanus,-34.42,19.23,61.0,94,38,3.0,ZA,1587345200
59,Norman Wells,65.28,-126.83,30.2,58,75,1.57,CA,1587345496
60,Kapaa,22.08,-159.32,80.6,65,1,11.41,US,1587345317
61,Cockburn Town,21.46,-71.14,79.43,81,7,15.66,TC,1587345496
62,Itigi,-5.7,34.48,62.76,66,100,3.87,TZ,1587345496
63,Asău,46.43,26.4,46.4,75,90,12.75,RO,1587345497
64,Naze,28.37,129.48,69.8,72,40,11.41,JP,1587345264
65,Chilca,-12.52,-76.74,69.8,77,16,11.41,PE,1587345497
66,Kaeo,-35.1,173.78,62.01,95,100,3.91,NZ,1587345497
67,Killybegs,54.63,-8.45,46.99,73,0,5.01,IE,1587345497
68,Ust-Nera,64.57,143.2,7.14,77,91,2.26,RU,1587345498
69,Barrow,71.29,-156.79,12.2,78,90,6.93,US,1587345478
70,Chokurdakh,70.63,147.92,7.23,94,83,12.01,RU,1587345498
71,Ixtapa,20.7,-105.2,75.2,78,40,11.41,MX,1587345498
72,Barra de Tecoanapa,16.52,-98.75,83.64,61,70,7.45,MX,1587345499
73,Ucluelet,48.93,-125.55,61.0,87,75,5.82,CA,1587345327
74,Raudeberg,61.99,5.14,39.99,86,0,5.82,NO,1587345499
75,Lufilufi,-13.87,-171.6,84.2,83,75,5.82,WS,1587345499
76,Gladstone,-23.85,151.25,84.2,54,75,4.7,AU,1587345499
77,Ikongo,-21.88,47.43,66.31,84,55,1.28,MG,1587345500
78,Atuona,-9.8,-139.03,82.92,72,52,12.12,PF,1587345477
79,Bentiu,9.23,29.83,81.12,20,97,2.68,SS,1587345500
80,Anchorage,61.22,-149.9,50.0,66,90,10.29,US,1587345236
81,Kimbe,-5.55,150.14,86.11,72,45,1.77,PG,1587345500
82,Sokoni,-6.43,39.55,77.0,94,40,13.06,TZ,1587345500
83,Fujin,47.26,132.03,50.72,51,100,20.24,CN,1587345501
84,La Ronge,55.1,-105.28,37.4,44,75,14.99,CA,1587345288
85,Kuril'sk,45.23,147.88,36.91,79,29,12.53,RU,1587345501
86,Klyuchi,52.27,79.17,52.63,41,43,2.77,RU,1587345501
87,Alice Springs,-23.7,133.88,91.4,19,11,17.22,AU,1587345501
88,Kailua,21.4,-157.74,84.2,51,1,6.93,US,1587345502
89,Bulgan,48.81,103.53,25.79,55,17,7.4,MN,1587345502
90,Longyearbyen,78.22,15.64,28.4,86,90,34.45,SJ,1587345206
91,Çan,40.03,27.05,55.0,47,51,1.01,TR,1587345502
92,Novikovo,51.15,37.89,38.39,72,68,3.69,RU,1587345502
93,Ovalle,-30.6,-71.2,60.89,70,0,1.34,CL,1587345503
94,Bariloche,-41.15,-71.31,50.0,57,40,26.4,AR,1587345503
95,Vila Velha,-20.33,-40.29,73.4,78,40,8.05,BR,1587345503
96,Valparaíso,-33.04,-71.63,64.4,59,0,5.82,CL,1587345491
97,Bluff,-46.6,168.33,57.99,61,61,5.01,NZ,1587345492
98,Sines Municipality,37.96,-8.87,57.0,84,84,5.01,PT,1587345503
99,Qaqortoq,60.72,-46.03,24.8,41,0,6.93,GL,1587345504
100,Iqaluit,63.75,-68.51,-4.0,76,20,4.7,CA,1587345504
101,Nouakchott,18.09,-15.98,68.0,77,0,14.99,MR,1587345504
102,Teya,60.38,92.63,31.46,84,58,4.29,RU,1587345504
103,Dingle,11.0,122.67,82.99,77,89,12.5,PH,1587345482
104,Carndonagh,55.25,-7.27,44.91,76,0,11.79,IE,1587345505
105,East London,-33.02,27.91,76.75,55,0,13.8,ZA,1587345505
106,Villarrica,-25.75,-56.43,67.75,62,0,4.14,PY,1587345505
107,Salamanca,40.83,-6.0,46.0,93,2,5.01,ES,1587345505
108,Bārāmati,18.15,74.58,79.97,35,14,5.32,IN,1587345505
109,Forbes,-33.38,148.02,60.67,48,99,12.3,AU,1587345505
110,Faya,18.39,42.45,66.2,59,99,3.91,SA,1587345506
111,Petatlán,17.52,-101.27,84.2,74,5,6.93,MX,1587345506
112,Ancud,-41.87,-73.82,50.0,81,82,5.82,CL,1587345207
113,Usinsk,65.99,57.53,33.55,95,100,8.46,RU,1587345506
114,Lorengau,-2.02,147.27,84.97,72,33,6.96,PG,1587345506
115,Kampot,10.62,104.18,82.4,83,40,3.36,KH,1587345507
116,Pevek,69.7,170.31,9.73,94,100,7.27,RU,1587345267
117,Vostok,46.49,135.88,43.41,45,100,7.74,RU,1587345507
118,Kawalu,-7.38,108.21,76.33,76,63,1.3,ID,1587345507
119,Muros,42.78,-9.06,51.01,93,75,3.0,ES,1587345507
120,Fort Nelson,58.81,-122.7,62.6,58,75,8.05,CA,1587345323
121,Narsaq,60.92,-46.05,24.8,41,0,6.93,GL,1587345484
122,Porto-Novo,6.5,2.6,82.02,77,100,7.74,BJ,1587345508
123,Mahébourg,-20.41,57.7,77.0,83,75,12.75,MU,1587345243
124,Sinop Province,41.77,34.87,51.71,55,100,2.62,TR,1587345508
125,Nuuk,64.18,-51.72,30.2,58,73,31.09,GL,1587345503
126,Cherskiy,68.75,161.3,8.96,93,100,8.25,RU,1587345509
127,Hong Kong,22.29,114.16,81.0,86,90,1.99,HK,1587345487
128,Tasiilaq,65.61,-37.64,32.0,93,100,3.36,GL,1587345502
129,Hobart,-42.88,147.33,59.0,62,75,12.75,AU,1587345256
130,Saint Paul Harbor,57.79,-152.41,46.4,75,90,13.87,US,1587345494
131,Bambous Virieux,-20.34,57.76,77.0,83,75,12.75,MU,1587345510
132,Lexington,37.99,-84.48,55.0,62,20,4.7,US,1587345510
133,Mar del Plata,-38.0,-57.56,66.2,72,40,5.82,AR,1587345499
134,Edd,13.93,41.69,85.62,68,85,8.52,ER,1587345365
135,Øksfjord,70.24,22.35,39.99,78,100,1.99,NO,1587345511
136,Sīrjān,29.45,55.68,58.75,36,97,7.7,IR,1587345511
137,New Norfolk,-42.78,147.06,61.0,89,100,7.4,AU,1587345511
138,Havelock,34.88,-76.9,68.0,77,90,6.93,US,1587345421
139,Kneževo,44.49,17.38,57.2,54,100,64.42,BA,1587345511
140,Columbus,39.96,-83.0,53.6,54,90,8.05,US,1587345327
141,Cidreira,-30.18,-50.21,68.09,84,0,16.46,BR,1587345506
142,Gao,16.64,1.64,87.82,22,36,8.05,ML,1587345512
143,Vaini,-21.2,-175.2,84.2,70,20,10.29,TO,1587345486
144,Vernon,50.26,-119.27,63.0,36,70,3.0,CA,1587345478
145,Upernavik,72.79,-56.15,27.5,84,100,25.46,GL,1587345512
146,Wajima,37.4,136.9,53.6,93,75,3.36,JP,1587345513
147,Faanui,-16.48,-151.75,82.96,74,49,15.66,PF,1587345489
148,Dikson,73.51,80.55,34.32,89,92,24.4,RU,1587345481
149,Marinette,45.1,-87.63,35.6,59,1,11.41,US,1587345513
150,Aklavik,68.22,-135.01,23.0,53,90,3.36,CA,1587345513
151,Kahului,20.89,-156.47,82.4,51,40,9.17,US,1587345422
152,Granada,37.19,-3.61,53.6,93,75,1.12,ES,1587345514
153,Latung,5.5,120.88,83.68,76,94,6.58,PH,1587345514
154,Lata,40.16,-8.33,53.01,89,60,1.83,PT,1587345515
155,Anadyr,64.75,177.48,19.4,79,40,6.71,RU,1587345284
156,Rawson,-43.3,-65.1,63.52,30,93,20.0,AR,1587345402
157,Kyra,49.58,111.98,22.68,67,90,14.45,RU,1587345515
158,Fortuna,40.6,-124.16,54.0,87,90,11.41,US,1587345515
159,Cloquet,46.72,-92.46,39.99,25,1,5.82,US,1587345243
160,Araouane,18.9,-3.53,84.16,20,0,13.98,ML,1587345516
161,Marabu,4.41,114.01,84.2,89,75,5.82,MY,1587345236
162,Tuatapere,-46.13,167.68,57.99,61,32,5.01,NZ,1587345496
163,Carnarvon,-24.87,113.63,73.4,78,64,14.99,AU,1587345218
164,Berdigestyakh,62.1,126.7,16.83,89,35,3.53,RU,1587345516
165,Sal Rei,16.18,-22.92,69.8,68,75,11.41,CV,1587345517
166,San Quintín,30.48,-115.95,62.42,67,76,18.34,MX,1587345517
167,Paamiut,61.99,-49.67,25.36,90,4,13.44,GL,1587345508
168,Debre Birhan,9.68,39.53,53.71,37,95,1.36,ET,1587345517
169,Sitka,57.05,-135.33,53.6,81,90,5.82,US,1587345248
170,Ponta do Sol,32.67,-17.1,60.01,69,18,18.99,PT,1587345267
171,Río Gallegos,-51.62,-69.22,42.8,60,32,25.28,AR,1587345518
172,Vila Franca do Campo,37.72,-25.43,55.4,71,40,5.82,PT,1587345270
173,Hilo,19.73,-155.09,82.4,51,20,13.87,US,1587345483
174,Lavrentiya,65.58,-171.0,19.94,91,100,8.55,RU,1587345492
175,Bermeo,43.42,-2.72,57.2,82,75,8.05,ES,1587345519
176,Juneau,58.3,-134.42,62.6,36,75,12.75,US,1587345227
177,Igarka,67.47,86.58,36.68,80,100,23.38,RU,1587345519
178,Gamba,-2.65,10.0,77.05,88,97,8.75,GA,1587345519
179,Coquimbo,-29.95,-71.34,60.8,87,90,3.27,CL,1587345262
180,Boffa,10.17,-14.03,80.01,76,2,5.21,GN,1587345520
181,Quatre Cocos,-20.21,57.76,77.0,83,75,12.75,MU,1587345520
182,Padang,-0.95,100.35,78.73,76,52,4.21,ID,1587345520
183,Hasaki,35.73,140.83,50.0,100,75,8.05,JP,1587345483
184,Saint George,37.1,-113.58,73.4,25,40,11.41,US,1587345521
185,Kavaratti,10.57,72.64,85.42,69,77,5.82,IN,1587345521
186,Shenzhen,22.55,114.07,76.69,82,95,4.76,CN,1587345235
187,Coração de Jesus,-16.69,-44.37,65.1,71,39,5.95,BR,1587345521
188,Ulaangom,49.98,92.07,38.28,47,0,2.39,MN,1587345491
189,Berbérati,4.26,15.79,69.46,82,86,2.48,CF,1587345522
190,Klaksvík,62.23,-6.59,42.8,93,1,16.11,FO,1587345230
191,Abbeville,50.1,1.83,53.6,54,61,13.87,FR,1587345522
192,Villazón,-22.09,-65.59,52.39,20,35,8.75,BO,1587345522
193,Avarua,-21.21,-159.78,82.4,69,6,9.17,CK,1587345493
194,Tuktoyaktuk,69.45,-133.04,10.4,85,90,9.17,CA,1587345485
195,Saint-Paul,-21.01,55.27,75.2,78,37,13.87,RE,1587345523
196,Hamilton,39.18,-84.53,53.01,81,1,3.2,US,1587345319
197,Maniitsoq,65.42,-52.9,28.96,95,100,34.83,GL,1587345484
198,Berlevåg,70.86,29.09,39.25,93,100,19.73,NO,1587345524
199,Coyhaique,-45.58,-72.07,41.0,86,40,2.24,CL,1587345511
200,Mossamedes,-15.2,12.15,75.09,68,43,2.84,AO,1587345524
201,Maragogi,-9.01,-35.22,80.04,81,47,7.05,BR,1587345396
202,Ola,59.58,151.28,10.02,80,0,4.92,RU,1587345524
203,Kruisfontein,-34.0,24.73,65.68,53,19,6.4,ZA,1587345525
204,Qaanaaq,77.48,-69.36,16.52,84,98,14.09,GL,1587345201
205,Tiksi,71.69,128.87,14.04,91,96,6.51,RU,1587345293
206,Esperance,-33.87,121.9,57.2,82,0,10.29,AU,1587345514
207,Kintinku,-5.88,35.23,66.2,93,40,1.28,TZ,1587345525
208,Port Hardy,50.7,-127.42,53.6,71,20,10.29,CA,1587345487
209,Mendi,-6.18,143.65,65.05,44,81,0.85,PG,1587345526
210,Puerto Colombia,10.99,-74.95,80.6,83,99,10.29,CO,1587345401
211,Isil'kul',54.91,71.27,46.72,79,86,4.54,RU,1587345526
212,Mongoumba,3.64,18.59,71.83,81,78,2.8,CF,1587345526
213,Atambua,-9.11,124.89,78.89,66,15,1.7,ID,1587345526
214,Kavieng,-2.57,150.8,83.91,75,47,6.51,PG,1587345504
215,San Luis,-33.3,-66.34,64.8,43,0,5.99,AR,1587345527
216,Aktau,43.65,51.2,44.6,100,75,6.71,KZ,1587345527
217,Lüderitz,-26.65,15.16,60.8,87,0,6.93,NA,1587345488
218,Banda Aceh,5.56,95.32,79.75,83,65,6.51,ID,1587345527
219,Åmot,59.57,7.99,37.99,78,0,4.41,NO,1587345528
220,Mehamn,71.04,27.85,39.43,93,100,24.27,NO,1587345528
221,São Filipe,14.9,-24.5,72.1,73,3,18.12,CV,1587345528
222,Pingdingshan,33.74,113.3,60.15,38,94,16.02,CN,1587345528
223,Cerignola,41.26,15.9,62.01,93,75,3.36,IT,1587345528
224,Chitral,35.85,71.79,46.26,29,81,5.32,PK,1587345529
225,Aksha,50.28,113.29,22.06,78,92,13.33,RU,1587345529
226,Ribeira Grande,38.52,-28.7,56.89,63,15,12.35,PT,1587345529
227,Yellowknife,62.46,-114.35,26.6,58,20,21.92,CA,1587345200
228,Chortomlyk,47.62,34.14,46.78,71,100,6.58,UA,1587345530
229,San Diego de la Unión,21.47,-100.87,82.0,23,4,15.01,MX,1587345530
230,Beringovskiy,63.05,179.32,20.75,96,100,17.76,RU,1587345509
231,Moramanga,-18.93,48.2,61.09,72,70,4.27,MG,1587345530
232,Puerto Lempira,15.27,-83.77,84.2,70,20,5.82,HN,1587345531
233,Birao,10.28,22.79,79.11,14,99,1.01,CF,1587345531
234,Semīrom,31.42,51.57,42.37,32,87,2.04,IR,1587345531
235,Soyo,-6.13,12.37,79.56,82,85,2.46,AO,1587345531
236,Vitim,59.45,112.56,22.23,90,73,3.69,RU,1587345531
237,Kaitangata,-46.28,169.85,60.01,41,50,15.01,NZ,1587345531
238,Saint-Augustin,51.23,-58.65,28.29,98,100,15.39,CA,1587345532
239,Khatanga,71.97,102.5,24.06,95,30,5.41,RU,1587345501
240,Anaco,9.44,-64.47,81.03,51,79,4.47,VE,1587345532
241,Campbell River,50.02,-125.24,60.8,62,40,3.36,CA,1587345532
242,Terrasini,38.15,13.08,66.0,77,100,9.98,IT,1587345533
243,Santa Fe,-31.63,-60.7,72.0,65,0,4.0,AR,1587345533
244,Laguna,38.42,-121.42,68.0,48,1,5.82,US,1587345319
245,Turaif,31.67,38.66,57.2,54,37,6.93,SA,1587345533
246,Port Washington,40.83,-73.7,60.01,30,90,14.99,US,1587345533
247,São Paulo de Olivença,-3.38,-68.87,74.16,89,27,1.86,BR,1587345533
248,Mandalgovi,45.76,106.27,23.74,50,45,14.56,MN,1587345534
249,Beloha,-25.17,45.05,70.72,77,0,15.59,MG,1587345525
250,Lebu,-37.62,-73.65,56.62,74,100,9.78,CL,1587345500
251,Sisimiut,66.94,-53.67,28.94,92,98,30.4,GL,1587345313
252,San Patricio,19.22,-104.7,75.2,78,5,23.04,MX,1587345269
253,Srednekolymsk,67.45,153.68,9.61,94,92,12.21,RU,1587345262
254,Inírida,3.87,-67.92,74.43,92,50,1.54,CO,1587345484
255,Grindavik,63.84,-22.43,46.4,100,90,26.4,IS,1587345535
256,Rongcheng,30.63,117.85,61.0,88,34,2.01,CN,1587345535
257,Geraldton,-28.77,114.6,66.99,68,0,12.75,AU,1587345490
258,Wu’an,31.68,112.0,60.73,78,96,1.99,CN,1587345535
259,Yabrūd,33.97,36.66,59.0,54,14,4.7,SY,1587345536
260,Callaguip,18.07,120.49,84.2,79,20,5.82,PH,1587345536
261,Puerto del Rosario,28.5,-13.86,64.4,72,75,6.93,ES,1587345504
262,Rabo de Peixe,37.8,-25.58,55.4,71,20,6.93,PT,1587345536
263,Araripina,-7.58,-40.5,70.09,78,99,4.05,BR,1587345536
264,Umm Hājar,13.3,19.7,82.87,13,61,11.56,TD,1587345536
265,Guerrero Negro,27.98,-114.06,63.73,69,86,20.74,MX,1587345537
266,Iralaya,15.0,-83.23,84.2,70,20,5.82,HN,1587345537
267,Marsabit,2.33,37.99,64.74,71,100,9.73,KE,1587345537
268,Nevers,46.99,3.16,55.4,82,96,4.7,FR,1587345537
269,Zarautz,43.28,-2.17,57.99,88,100,1.99,ES,1587345537
270,Santa Adélia,-21.24,-48.8,67.08,77,26,6.22,BR,1587345538
271,Markova,48.68,24.41,33.44,71,73,2.64,UA,1587345538
272,Oistins,13.07,-59.53,80.6,69,20,17.22,BB,1587345515
273,Bilma,18.69,12.92,83.37,13,39,4.85,NE,1587345488
274,Ust-Tsilma,65.44,52.15,29.07,98,94,3.44,RU,1587345539
275,Strathmore,51.05,-113.39,53.01,49,50,5.99,CA,1587345539
276,Kenai,60.55,-151.26,44.6,86,90,5.82,US,1587345497
277,Rivne,50.62,26.23,34.14,80,0,7.29,UA,1587345316
278,Cocobeach,1.0,9.58,84.2,83,40,11.41,GA,1587345539
279,Eureka,40.8,-124.16,55.0,72,16,3.0,US,1587345430
280,Saint-François,46.42,3.91,57.0,93,84,3.36,FR,1587345508
281,Ossora,59.24,163.07,22.78,87,84,8.41,RU,1587345540
282,Alausí,-2.2,-78.83,45.97,42,82,2.73,EC,1587345540
283,Lubango,-14.92,13.49,60.67,56,33,7.76,AO,1587345541
284,Centerville,39.63,-84.16,53.01,62,1,3.36,US,1587345541
285,Yar-Sale,66.83,70.83,34.11,98,100,7.34,RU,1587345492
286,Lompoc,34.64,-120.46,60.01,67,90,12.75,US,1587345447
287,Vao,-22.67,167.48,77.49,81,100,17.09,NC,1587345513
288,Pangai,-19.8,-174.35,84.2,66,20,12.75,TO,1587345541
289,Pokhara,28.23,83.98,61.18,26,62,4.5,NP,1587345270
290,Kembé,4.62,21.89,69.67,80,91,3.02,CF,1587345542
291,Songea,-10.68,35.65,66.2,88,40,1.81,TZ,1587345542
292,Fairbanks,64.84,-147.72,50.0,87,20,2.39,US,1587345510
293,Bethel,41.37,-73.41,55.4,37,75,12.75,US,1587345522
294,Touros,-5.2,-35.46,77.0,94,20,2.24,BR,1587345543
295,Kulhudhuffushi,6.62,73.07,86.22,69,27,7.81,MV,1587345519
296,Buraidah,26.33,43.98,69.8,56,20,8.05,SA,1587345543
297,Toropets,56.5,31.64,29.86,97,11,5.88,RU,1587345543
298,Kysyl-Syr,63.9,122.76,16.02,91,51,4.72,RU,1587345500
299,Cabo San Lucas,22.89,-109.91,75.99,47,5,9.17,MX,1587345312
300,Chara,56.91,118.26,13.98,72,65,6.02,RU,1587345544
301,Samarai,-10.62,150.67,84.61,73,60,7.31,PG,1587345544
302,Mackenzie,55.3,-123.17,62.6,29,1,2.24,CA,1587345544
303,Tha Chang,9.26,99.19,78.8,100,20,2.24,TH,1587345544
304,Kuala Terengganu,5.33,103.14,82.4,83,20,2.24,MY,1587345545
305,Ouésso,1.61,16.05,72.05,86,77,1.9,CG,1587345545
306,Talnakh,69.49,88.4,37.4,74,100,29.08,RU,1587345545
307,Onokhoy,51.93,108.07,28.4,25,9,8.95,RU,1587345545
308,Bengkulu,-3.8,102.27,77.88,83,83,4.41,ID,1587345496
309,Nerchinskiy Zavod,51.31,119.61,20.21,72,100,16.04,RU,1587345545
310,Honiara,-9.43,159.95,87.8,66,20,27.51,SB,1587345546
311,Ilām,26.92,87.92,59.81,46,38,4.83,NP,1587345546
312,Pandan,14.05,124.17,81.54,75,99,7.18,PH,1587345546
313,Hirara,24.8,125.28,73.4,88,75,13.87,JP,1587345546
314,Taicheng,38.73,113.23,41.77,33,0,16.8,CN,1587345546
315,Sørland,67.67,12.69,41.02,95,100,18.99,NO,1587345491
316,Mitsamiouli,-11.38,43.28,82.58,74,61,13.58,KM,1587345547
317,Villacarrillo,38.12,-3.08,60.01,69,55,4.72,ES,1587345547
318,Sidhi,24.42,81.88,78.58,20,97,2.8,IN,1587345547
319,Nakhon Nayok,14.2,101.21,88.0,82,20,4.05,TH,1587345547
320,San Cristobal,7.77,-72.22,69.26,62,91,1.32,VE,1587345537
321,Omsukchan,62.53,155.8,3.96,82,100,6.73,RU,1587345548
322,Yangi Marg`ilon,40.43,71.72,55.4,54,0,6.93,UZ,1587345548
323,Nuevo Imperial,-13.08,-76.32,71.49,68,27,4.45,PE,1587345548
324,Sakhipur,24.3,90.18,73.4,83,75,8.05,BD,1587345548
325,Sozimskiy,59.74,52.25,28.71,96,32,4.25,RU,1587345548
326,Broome,42.25,-75.83,48.0,70,90,11.41,US,1587345487
327,Marquette,46.53,-87.63,28.0,81,96,1.5,US,1587345549
328,Finnsnes,69.23,17.98,41.0,75,100,32.21,NO,1587345549
329,‘Ewa Beach,21.32,-158.01,82.4,58,1,10.29,US,1587345430
330,Pringsewu,-5.36,104.97,77.0,87,90,0.81,ID,1587345549
331,Tabou,4.42,-7.35,80.74,84,95,6.04,CI,1587345531
332,Santa Elena,-2.23,-80.85,76.59,78,87,7.54,EC,1587345549
333,Norfolk,42.17,-71.25,52.0,68,73,4.0,US,1587345550
334,Talaya,61.38,152.75,4.26,81,100,10.07,RU,1587345550
335,Bealanana,-14.55,48.73,60.46,69,47,4.29,MG,1587345550
336,Tupik,54.43,119.93,17.46,79,17,17.29,RU,1587345550
337,Conceição do Araguaia,-8.26,-49.26,80.6,78,71,3.36,BR,1587345551
338,São Joaquim,-28.29,-49.93,49.5,68,25,2.04,BR,1587345551
339,Yantal',56.85,105.25,23.11,84,0,4.88,RU,1587345551
340,Kommunisticheskiy,61.68,64.48,31.6,93,16,6.55,RU,1587345551
341,Saldanha,-33.01,17.94,59.0,82,92,11.41,ZA,1587345274
342,Westport,41.14,-73.36,55.0,71,20,14.99,US,1587345551
343,Gornopravdinsk,60.05,69.9,34.54,88,0,4.38,RU,1587345552
344,Comodoro Rivadavia,-45.87,-67.5,57.2,41,0,26.4,AR,1587345473
345,Deer Lake,49.17,-57.43,30.2,92,90,12.75,CA,1587345552
346,Baykit,61.67,96.37,26.94,90,2,1.83,RU,1587345552
347,Erenhot,43.65,111.98,28.15,51,0,24.76,CN,1587345527
348,Wamba,8.93,8.6,73.54,69,96,4.07,NG,1587345553
349,Dzerzhinsk,56.24,43.46,42.01,83,20,2.24,RU,1587345553
350,Portland,45.52,-122.68,63.0,45,20,8.05,US,1587345521
351,Nanortalik,60.14,-45.24,28.45,89,6,8.97,GL,1587345508
352,Wanaka,-44.7,169.15,49.12,54,43,6.82,NZ,1587345553
353,Ranong,9.97,98.63,78.8,94,40,4.52,TH,1587345548
354,Nome,64.5,-165.41,39.2,80,90,4.7,US,1587345488
355,Syracuse,37.09,15.28,62.6,93,40,11.41,IT,1587345554
356,Bara,10.37,10.73,86.13,35,55,3.13,NG,1587345554
357,Saskylakh,71.92,114.08,17.19,95,1,3.74,RU,1587345478
358,Illapel,-31.63,-71.17,63.0,58,7,2.77,CL,1587345554
359,Vardø,70.37,31.11,38.77,90,100,18.07,NO,1587345555
360,Qinggang,46.68,126.08,48.54,77,100,15.95,CN,1587345555
361,Port Blair,11.67,92.75,83.61,78,9,6.93,IN,1587345555
362,Cabedelo,-6.98,-34.83,77.0,94,18,2.24,BR,1587345555
363,Alice,27.75,-98.07,84.2,45,1,5.82,US,1587345555
364,Phan Thiet,10.93,108.1,80.51,72,24,5.12,VN,1587345555
365,Lamu,-2.27,40.9,80.71,79,100,11.52,KE,1587345556
366,Hoquiam,46.98,-123.89,55.0,76,20,8.05,US,1587345556
367,Hualmay,-11.1,-77.61,70.72,76,8,7.7,PE,1587345556
368,Mayo,38.89,-76.51,55.99,76,1,6.93,US,1587345498
369,Karoi,-16.81,29.69,60.94,58,86,5.88,ZW,1587345556
370,Nouadhibou,20.93,-17.03,66.2,68,0,23.04,MR,1587345557
371,Ṭikāpur,28.5,81.13,73.74,35,35,4.21,NP,1587345557
372,Kilrush,52.64,-9.48,50.0,81,75,6.93,IE,1587345557
373,Severo-Kuril'sk,50.68,156.12,31.03,92,77,10.29,RU,1587345502
374,Oddur,4.12,43.89,76.44,68,100,3.51,SO,1587345557
375,Airai,-8.93,125.41,67.23,51,2,2.91,TL,1587345492
376,Sirawai,7.59,122.14,83.46,76,63,6.67,PH,1587345558
377,Palauig,15.44,119.9,84.15,72,97,1.61,PH,1587345558
378,Meulaboh,4.14,96.13,79.21,84,68,4.83,ID,1587345497
379,São José da Coroa Grande,-8.9,-35.15,80.76,80,33,7.7,BR,1587345558
380,Safita,34.82,36.12,62.01,65,14,1.01,SY,1587345558
381,Lakes Entrance,-37.88,147.98,66.0,50,100,17.0,AU,1587345559
382,Luang Prabang,19.89,102.13,75.2,78,40,1.45,LA,1587345559
383,Tomatlán,19.93,-105.25,82.54,51,9,10.58,MX,1587345559
384,Praia,14.92,-23.51,69.8,68,40,18.34,CV,1587345549
385,Mombetsu,44.35,143.35,51.8,37,75,20.8,JP,1587345559
386,Atherton,53.52,-2.49,44.01,80,0,4.0,GB,1587345560
387,Sant Julià de Loria,42.46,1.48,46.0,95,100,4.59,AD,1587345560
388,Yerbogachën,61.28,108.01,22.98,88,0,3.06,RU,1587345560
389,Ingersoll,43.03,-80.88,36.0,37,5,16.11,CA,1587345560
390,Half Moon Bay,37.46,-122.43,64.0,67,1,6.93,US,1587345561
391,Kīhei,20.79,-156.47,82.4,51,40,9.17,US,1587345356
392,Bijāwar,24.63,79.5,79.93,18,97,2.24,IN,1587345561
393,Hambantota,6.12,81.12,77.0,100,20,3.36,LK,1587345519
394,Ostrovnoy,68.05,39.51,26.37,96,86,7.94,RU,1587345561
395,Bonanza,14.03,-84.59,78.3,67,40,2.64,NI,1587345561
396,Marzuq,14.4,46.47,71.91,47,94,2.75,YE,1587345562
397,Juba,4.85,31.58,73.54,67,100,10.8,SS,1587345562
398,Ilva Mare,47.37,24.9,32.0,84,83,6.2,RO,1587345562
399,Jizan,17.33,42.67,84.2,74,75,4.7,SA,1587345562
400,Sola,-13.88,167.55,89.6,75,40,5.82,VU,1587345477
401,Hīt,33.64,42.83,74.35,31,5,5.86,IQ,1587345563
402,Khanbari,27.37,87.2,65.08,33,31,4.43,NP,1587345563
403,Biak,-0.91,122.88,82.35,69,23,3.96,ID,1587345514
404,Kumul,42.8,93.45,57.24,21,95,7.96,CN,1587345563
405,Divo,5.84,-5.36,74.98,92,85,2.93,CI,1587345563
406,Verkhniye Sergi,56.65,59.56,32.09,82,31,2.84,RU,1587345564
407,Antropovo,58.4,43.01,31.1,92,30,0.34,RU,1587345564
408,Bay Roberts,47.6,-53.26,36.0,1,100,7.0,CA,1587345564
409,Najrān,17.49,44.13,69.8,68,75,2.24,SA,1587345564
410,Asunción,-25.3,-57.64,78.8,50,0,4.7,PY,1587345351
411,Taltal,-25.4,-70.48,61.09,74,0,1.97,CL,1587345537
412,Tautira,-17.73,-149.15,91.4,59,80,8.05,PF,1587345565
413,Libertador General San Martín,-23.81,-64.79,69.35,47,3,1.19,AR,1587345565
414,Türkan,40.36,50.22,46.4,100,75,2.24,AZ,1587345565
415,Chute-aux-Outardes,49.12,-68.4,39.2,93,90,3.36,CA,1587345537
416,Alofi,-19.06,-169.92,84.2,74,14,14.99,NU,1587345512
417,Riyadh,24.69,46.72,75.2,47,98,3.36,SA,1587345358
418,Chiang Khong,20.26,100.4,81.0,83,53,2.24,TH,1587345566
419,Bonthe,7.53,-12.51,81.61,80,98,8.34,SL,1587345566
420,Pak Chong,14.71,101.42,78.1,69,26,2.82,TH,1587345566
421,Ketchikan,55.34,-131.65,48.2,81,90,16.11,US,1587345516
422,Dois Vizinhos,-25.73,-53.06,59.81,62,0,2.01,BR,1587345566
423,Kachīry,53.07,76.1,55.58,52,52,3.38,KZ,1587345567
424,Clifton,40.86,-74.16,57.99,48,75,11.41,US,1587345322
425,Belmonte,-15.86,-38.88,77.0,73,90,5.82,BR,1587345567
426,Manono,-7.3,27.42,69.06,81,98,2.68,CD,1587345567
427,Ransang,8.96,117.58,83.64,72,90,5.28,PH,1587345567
428,Mbandaka,0.05,18.26,72.91,85,92,1.43,CD,1587345539
429,Juegang,32.32,121.19,57.34,82,94,9.86,CN,1587345568
430,Leningradskiy,69.38,178.42,13.39,92,91,8.48,RU,1587345531
431,Waiouru,-39.48,175.67,55.08,49,87,8.48,NZ,1587345568
432,Sarh,9.14,18.39,86.0,48,80,11.41,TD,1587345568
433,Sunggal,3.58,98.62,77.0,100,40,3.36,ID,1587345569
434,Mvuma,-19.28,30.53,52.95,59,18,7.56,ZW,1587345569
435,Mocuba,-16.84,36.99,68.02,94,22,4.45,MZ,1587345569
436,Nizhniy Baskunchak,48.22,46.83,46.0,81,100,3.96,RU,1587345569
437,Novoorsk,51.38,58.98,46.4,87,75,6.71,RU,1587345569
438,Severo-Yeniseyskiy,60.37,93.04,28.83,80,65,6.91,RU,1587345570
439,Baruun-Urt,46.68,113.28,22.64,71,78,14.9,MN,1587345554
440,Terrace Bay,48.78,-87.1,27.84,91,66,11.36,CA,1587345570
441,Chingirlau,51.09,54.08,45.39,75,100,6.71,KZ,1587345570
442,Sur,22.57,59.53,84.2,45,13,9.28,OM,1587345514
443,Cherusti,55.55,40.01,33.96,86,95,2.62,RU,1587345571
444,Makubetsu,45.37,141.82,53.6,34,100,13.87,JP,1587345571
445,Brae,60.4,-1.35,44.6,75,0,13.87,GB,1587345546
446,Honningsvåg,70.98,25.97,40.32,90,100,24.11,NO,1587345571
447,Guaíba,-30.11,-51.33,68.0,88,0,6.93,BR,1587345571
448,Clarence Town,-32.58,151.78,68.0,52,91,13.87,AU,1587345571
449,Manguito,22.59,-80.91,81.41,64,34,8.32,CU,1587345572
450,Goba,7.02,39.98,52.57,40,100,4.18,ET,1587345565
451,Lagoa,39.05,-27.98,57.04,63,6,17.36,PT,1587345255
452,Hajnówka,52.74,23.58,35.01,71,2,6.04,PL,1587345572
453,Okhotsk,59.38,143.3,15.37,84,0,11.97,RU,1587345487
454,Arsikere,13.31,76.26,74.44,46,29,1.25,IN,1587345573
455,Devecser,47.1,17.44,50.0,70,88,5.59,HU,1587345573
456,Saquena,-4.67,-73.52,75.67,70,31,1.14,PE,1587345573
457,São João da Barra,-21.64,-41.05,71.83,77,88,6.87,BR,1587345573
458,Dolores,-36.31,-57.68,62.91,72,21,5.5,AR,1587345574
459,Charters Towers,-20.1,146.27,79.75,23,87,5.73,AU,1587345574
460,Cacahuatepec,16.89,-99.61,78.8,88,5,5.82,MX,1587345574
461,Caravelas,-17.71,-39.25,75.56,77,53,15.59,BR,1587345543
462,Port Said,31.26,32.28,64.4,77,0,13.87,EG,1587345574
463,Phang Nga,8.45,98.53,82.4,83,20,6.93,TH,1587345574
464,Mayor Pablo Lagerenza,-19.93,-60.77,75.7,49,0,4.47,PY,1587345575
465,Road Town,18.42,-64.62,80.01,83,20,11.99,VG,1587345304
466,Marion,39.77,-86.16,57.2,66,75,5.82,US,1587345335
467,Bilibino,68.05,166.44,8.38,79,76,3.85,RU,1587345575
468,Presov,49.17,21.25,30.0,26,1,5.48,SK,1587345575
469,Souillac,-20.52,57.52,77.0,83,75,12.75,MU,1587345216
470,Barcelos,41.54,-8.62,51.8,93,20,1.23,PT,1587345372
471,Strezhevoy,60.73,77.59,35.6,100,90,4.47,RU,1587345576
472,Fukuechō,32.69,128.84,59.0,82,75,9.17,JP,1587345511
473,Kupang,-10.17,123.58,86.0,70,20,8.05,ID,1587345472
474,Hobyo,5.35,48.53,84.11,74,100,10.07,SO,1587345257
475,Pingliang,35.54,106.69,44.47,29,97,8.95,CN,1587345576
476,San Calixto,8.4,-73.21,60.71,71,90,1.1,CO,1587345577
477,Livingston,55.9,-3.52,43.0,93,0,3.36,GB,1587345577
478,Müllheim,47.81,7.63,55.99,77,99,1.01,DE,1587345577
479,Sucúa,-2.47,-78.17,68.36,52,49,0.34,EC,1587345577
480,High Level,58.52,-117.14,48.2,49,90,12.75,CA,1587345577
481,Isangel,-19.55,169.27,82.4,83,90,17.16,VU,1587345243
482,Deputatsky,69.3,139.9,6.53,87,62,6.24,RU,1587345566
483,Te Anau,-45.42,167.72,52.07,56,47,7.94,NZ,1587345578
484,Yaring,6.87,101.37,78.8,94,40,4.7,TH,1587345578
485,Sooke,48.37,-123.73,61.0,53,71,4.0,CA,1587345578
486,Chimoio,-19.12,33.48,60.53,76,16,4.92,MZ,1587345578
487,Saratoga Springs,43.08,-73.78,51.01,62,83,4.0,US,1587345279
488,Murchison,-41.8,172.33,52.75,72,92,3.47,NZ,1587345579
489,Kota Belud,6.35,116.43,86.0,74,20,3.36,MY,1587345579
490,Kedrovyy,56.17,91.82,35.6,31,3,8.95,RU,1587345579
491,Macapá,0.04,-51.07,82.4,100,40,3.36,BR,1587345580
492,Abhā,18.22,42.51,66.2,59,99,2.77,SA,1587345528
493,Avera,33.19,-82.53,57.2,94,90,3.36,US,1587345518
494,Port Hedland,-20.32,118.57,86.0,74,74,6.93,AU,1587345580
495,Luanda,-8.84,13.23,78.8,94,75,5.82,AO,1587345580
496,Pangody,65.85,74.49,32.14,96,93,12.46,RU,1587345536
497,Meadow Lake,34.8,-106.54,69.8,15,75,19.46,US,1587345503
498,Itoman,26.12,127.67,66.2,93,75,16.11,JP,1587345487
499,İskilip,40.74,34.47,54.16,39,100,1.79,TR,1587345581
500,La Providencia,28.72,-111.58,78.01,28,39,5.99,MX,1587345581
501,Srostki,52.42,85.7,46.53,68,19,1.9,RU,1587345581
502,Port Macquarie,-31.43,152.92,71.01,69,64,1.99,AU,1587345345
503,Ko Samui,9.54,99.94,86.0,79,20,6.93,TH,1587345582
504,Awjilah,29.11,21.29,71.46,24,33,8.88,LY,1587345582
505,Petropavlovsk-Kamchatskiy,53.05,158.65,37.4,23,26,15.66,RU,1587345542
506,Danilovka,50.36,44.12,38.66,84,15,3.31,RU,1587345582
507,Nantucket,41.28,-70.1,46.99,75,1,21.92,US,1587345582
508,Zhangaözen,43.3,52.8,55.89,70,75,4.5,KZ,1587345583
509,Batagay-Alyta,67.8,130.41,20.95,87,86,3.44,RU,1587345583
510,Kieta,-6.22,155.63,85.53,65,85,1.95,PG,1587345583
511,Ambon City,-3.7,128.18,86.0,70,40,2.24,ID,1587345509
512,Langå,56.39,9.89,39.99,87,0,1.23,DK,1587345584
513,Yuci,37.68,112.73,50.0,27,29,4.47,CN,1587345584
514,Quimperlé,47.87,-3.55,53.01,81,99,10.29,FR,1587345584
515,Korla,41.76,86.15,56.34,31,100,5.84,CN,1587345558
516,Dhārchula,29.85,80.53,52.99,31,91,8.84,IN,1587345584
517,Camacupa,-12.02,17.48,60.46,64,88,0.2,AO,1587345585
518,Guiratinga,-16.35,-53.76,71.85,80,53,1.9,BR,1587345585
519,Ahipara,-35.17,173.17,63.79,87,100,4.99,NZ,1587345482
520,Codrington,-38.27,141.97,60.55,61,55,23.87,AU,1587345520
521,Shushenskoye,53.33,91.94,41.0,56,0,2.24,RU,1587345585
522,Bochum,51.48,7.22,48.0,46,0,3.0,DE,1587345586
523,North Bend,43.41,-124.22,57.0,66,1,10.29,US,1587345586
524,Puerto Escondido,15.85,-97.07,84.2,83,5,5.82,MX,1587345586
525,Palu,-0.89,119.87,80.83,76,96,0.69,ID,1587345406
526,Ponte Nova,-20.42,-42.91,64.27,78,78,3.33,BR,1587345586
527,Haines Junction,60.75,-137.51,48.43,47,92,9.66,CA,1587345587
528,Florida,28.75,-82.5,79.0,88,75,9.57,US,1587345364
529,Dubti,11.74,41.09,83.14,54,66,2.89,ET,1587345587
530,Koshki,54.21,50.47,38.48,71,98,4.0,RU,1587345587
531,Kloulklubed,7.04,134.26,84.2,79,75,12.75,PW,1587345496
532,Karakol,42.49,78.39,42.84,26,6,4.05,KG,1587345587
533,Olinda,-8.01,-34.86,82.4,78,75,8.05,BR,1587345588
534,Uyuni,-20.46,-66.83,51.24,11,4,4.0,BO,1587345588
535,Margate,51.38,1.39,51.01,70,2,3.0,GB,1587345539
536,Cervo,43.67,-7.41,48.0,1,33,2.57,ES,1587345588
537,Darasun,51.67,114.0,23.0,32,40,17.9,RU,1587345588
538,Chegdomyn,51.12,133.02,44.65,63,100,10.25,RU,1587345589
539,Coahuayana Viejo,18.73,-103.68,82.4,58,5,11.41,MX,1587345530
540,Ames,42.03,-93.62,51.8,27,1,9.17,US,1587345474
541,São Gabriel da Cachoeira,-0.13,-67.09,74.05,92,16,1.23,BR,1587345589
542,Tūkrah,32.53,20.58,63.0,37,77,6.38,LY,1587345554
543,Nagutskoye,44.44,42.88,41.0,86,81,4.47,RU,1587345590
544,Noumea,-22.28,166.46,78.01,100,100,8.05,NC,1587345533
545,Anklam,53.86,13.69,37.99,74,0,7.47,DE,1587345590
546,Saint-Pierre,-21.34,55.48,73.4,78,20,12.75,RE,1587345479
547,Santa Rosalía,27.32,-112.28,75.85,28,80,0.69,MX,1587345590
548,Abalak,58.13,68.59,35.78,80,45,3.71,RU,1587345591
549,Doka,13.52,35.77,75.25,15,95,5.57,SD,1587345591
550,Pisco,-13.7,-76.22,69.8,77,0,13.87,PE,1587345529
551,Vryburg,-26.96,24.73,67.5,30,69,5.46,ZA,1587345591
552,Pecos,31.42,-103.49,81.0,8,1,11.41,US,1587345591
553,College,64.86,-147.8,50.0,75,90,2.59,US,1587345592
554,Santo Tomas,14.11,121.14,91.4,52,20,3.36,PH,1587345592
555,Puri,19.8,85.85,79.86,92,68,8.21,IN,1587345592
556,Tolaga Bay,-38.37,178.3,67.82,61,94,3.18,NZ,1587345592
557,Rusape,-18.53,32.13,51.6,62,28,3.76,ZW,1587345592
558,Montrose,38.42,-108.27,59.0,21,90,5.82,US,1587345592
559,Vercelli,45.32,8.42,57.99,90,100,3.2,IT,1587345593
560,Chui,-33.7,-53.46,64.74,88,15,7.63,UY,1587345504
561,Bukama,-9.2,25.85,68.4,75,95,1.45,CD,1587345593
562,Elliot Lake,46.38,-82.63,32.0,81,1,16.11,CA,1587345593
563,Orito,0.68,-76.88,74.97,62,47,0.74,CO,1587345593
564,Fort Dodge,42.5,-94.17,51.8,27,1,3.36,US,1587345594
565,Krasnaya Poyma,55.0,39.08,33.6,87,88,3.49,RU,1587345594
566,Tornio,65.85,24.15,35.6,91,59,4.43,FI,1587345594
567,Pahrump,36.21,-115.98,73.0,23,69,5.99,US,1587345396
568,Boa Vista,2.82,-60.67,86.0,58,75,4.7,BR,1587345594
569,Santiago de Cao,-7.96,-79.24,73.4,75,2,8.61,PE,1587345595
570,Purpe,64.48,76.69,36.0,92,75,8.97,RU,1587345595
571,Staritsa,56.51,34.94,31.66,92,7,6.44,RU,1587345595
572,Udachny,66.42,112.4,26.6,32,9,4.47,RU,1587345595
573,Oranjestad,12.52,-70.03,80.6,78,20,19.46,AW,1587345412
